id,item_seq,item_name,score,quality_level,filled_columns,total_columns,percentage_filled
1213,201602068,덱스렌정(덱시부프로펜디.씨.),109,good,21,24,87.5
17123,201201967,네로민정,109,good,21,24,87.5
259,200103343,팬스타정(덱시부프로펜),109,good,21,24,87.5
16182,199601484,펜세타정(아세트아미노펜제피세립),109,good,21,24,87.5
26056,202006755,엘앤씨메가펜정(아세트아미노펜제피세립),109,good,21,24,87.5
2822,201701248,나프록소정(나프록센나트륨),109,good,21,24,87.5
23652,201905099,아세트엠8시간이알서방정650밀리그램(아세트아미노펜),109,good,21,24,87.5
16177,199502585,삼익아세트아미노펜정500밀리그람,109,good,21,24,87.5
2820,201705636,일성아세트아미노펜정325밀리그램,109,good,21,24,87.5
16308,200103343,팬스타정(덱시부프로펜),109,good,21,24,87.5
5027,201905099,아세트엠8시간이알서방정650밀리그램(아세트아미노펜),109,good,21,24,87.5
10080,202006755,엘앤씨메가펜정(아세트아미노펜제피세립),109,good,21,24,87.5
19045,201602068,덱스렌정(덱시부프로펜디.씨.),109,good,21,24,87.5
2134,201800567,타세놀8시간이알서방정325밀리그램(아세트아미노펜),109,good,21,24,87.5
8443,201201967,네로민정,109,good,21,24,87.5
20325,201701248,나프록소정(나프록센나트륨),109,good,21,24,87.5
20708,201705636,일성아세트아미노펜정325밀리그램,109,good,21,24,87.5
7505,199502585,삼익아세트아미노펜정500밀리그람,109,good,21,24,87.5
4298,199601484,펜세타정(아세트아미노펜제피세립),109,good,21,24,87.5
21278,201800567,타세놀8시간이알서방정325밀리그램(아세트아미노펜),109,good,21,24,87.5
2958,201701293,헤모퀸골드플러스캡슐,108,good,21,24,87.5
11020,201708295,뮤코반캡슐200mg(아세틸시스테인),108,good,21,24,87.5
16618,200607843,콜그린에이캡슐,108,good,21,24,87.5
20334,201701293,헤모퀸골드플러스캡슐,108,good,21,24,87.5
21123,201708295,뮤코반캡슐200mg(아세틸시스테인),108,good,21,24,87.5
1475,200607843,콜그린에이캡슐,108,good,21,24,87.5
3544,198100119,우루사정100밀리그램(우르소데옥시콜산),106,good,20,24,83.33
7213,202002550,알카본정,106,good,20,24,83.33
3320,201802576,치감플러스정,106,good,20,24,83.33
193,201308190,유리카에스정,106,good,20,24,83.33
1033,200302008,윈다졸정(알벤다졸),106,good,20,24,83.33
2466,201705793,디카테오400정,106,good,20,24,83.33
3101,199202495,케이엠에스알마게이트정(수출명:M-magelTablet),106,good,20,24,83.33
2022,201506815,센티렉스실버어드밴스정,106,good,20,24,83.33
1089,201602240,아세드린정,106,good,20,24,83.33
17521,201400701,알마티정(알마게이트),106,good,20,24,83.33
2785,201801353,우루리버정100mg(우르소데옥시콜산),106,good,20,24,83.33
11196,201901314,인콤정(알벤다졸),106,good,20,24,83.33
18440,201506815,센티렉스실버어드밴스정,106,good,20,24,83.33
32163,200903579,카이로정,106,good,20,24,83.33
16070,198100119,우루사정100밀리그램(우르소데옥시콜산),106,good,20,24,83.33
10698,202301364,아이하이추어블정,106,good,20,24,83.33
28892,202400374,아페린플러스비정,106,good,20,24,83.33
28893,202400375,아페린플러스비씨정,106,good,20,24,83.33
11169,202401339,칼디텍정,106,good,20,24,83.33
17534,201401034,욱씬정,106,good,20,24,83.33
21391,201801256,칼디쓰리플러스정,106,good,20,24,83.33
21415,201801353,우루리버정100mg(우르소데옥시콜산),106,good,20,24,83.33
16482,200410715,칼테오-40정(Calteo-40Tablets),106,good,20,24,83.33
1668,199701227,노타민정(로라타딘),106,good,20,24,83.33
22522,201901096,해슈펜에프정,106,good,20,24,83.33
3518,201701383,덱펜정(덱시부프로펜),106,good,20,24,83.33
7166,202008802,우르콜정100밀리그램(우르소데옥시콜산),106,good,20,24,83.33
22032,201804147,미카펜정,106,good,20,24,83.33
28011,202204455,아세페린정,106,good,20,24,83.33
23314,201903606,에르펙토정(에르도스테인),106,good,20,24,83.33
4790,201904346,징카민정80mg(은행엽건조엑스),106,good,20,24,83.33
21417,201801356,뉴스피린장용정100밀리그램(아스피린),106,good,20,24,83.33
21446,201801497,일양바이오알벤다졸정,106,good,20,24,83.33
2776,201800701,슬라드린정,106,good,20,24,83.33
18441,201506816,센티렉스어드밴스정,106,good,20,24,83.33
12152,201901656,알마테정(알마게이트),106,good,20,24,83.33
16141,199202495,케이엠에스알마게이트정(수출명:M-magelTablet),106,good,20,24,83.33
11115,201400701,알마티정(알마게이트),106,good,20,24,83.33
3743,201607019,헤모나민정,106,good,20,24,83.33
18412,201506728,메가트루포커스정,106,good,20,24,83.33
926,199802497,쎄르텍정(세티리진염산염),106,good,20,24,83.33
2907,201800344,아노덱스정,106,good,20,24,83.33
17540,201401232,팜젠암브록솔염산염정30mg,106,good,20,24,83.33
897,201505862,엑스비타에스정,106,good,20,24,83.33
16633,200610975,"대웅알벤다졸정(수출명: Medalben Tab, Daezole)",106,good,20,24,83.33
17559,201401484,씨엠지아스피린장용정100mg,106,good,20,24,83.33
3445,201707372,아너린정,106,good,20,24,83.33
26841,202103680,아페인큐정,106,good,20,24,83.33
28079,202204654,에디맥스디정,106,good,20,24,83.33
94,201401484,씨엠지아스피린장용정100mg,106,good,20,24,83.33
16687,200703589,써스펜나이트정,106,good,20,24,83.33
26846,202103770,속콜펜정,106,good,20,24,83.33
17601,201402309,웰다운비정,106,good,20,24,83.33
16173,199501564,알마시드정(알마게이트),106,good,20,24,83.33
16203,199701227,노타민정(로라타딘),106,good,20,24,83.33
4643,201804476,아슈펜정,106,good,20,24,83.33
25645,202003699,베아파모정10밀리그램(파모티딘),106,good,20,24,83.33
1230,199901375,아루펜정400밀리그람(이부프로펜),106,good,20,24,83.33
23449,201904192,셀큐라민정(은행엽건조엑스),106,good,20,24,83.33
16202,199701172,에이프로젠알마게이트정,106,good,20,24,83.33
1070,201602427,나인나인정,106,good,20,24,83.33
16199,199700873,"대우로라타딘정(수출명:로미딘정,라틴정,필미딘정)",106,good,20,24,83.33
6928,202009337,디카테오엘씨정,106,good,20,24,83.33
1710,201701158,에페젠정,106,good,20,24,83.33
16193,199700120,세트린정(세티리진염산염)(수출명:ANTIRIZINtab),106,good,20,24,83.33
21675,201802575,코감노즈정,106,good,20,24,83.33
3902,201706350,센스데이정,106,good,20,24,83.33
6909,201904192,셀큐라민정(은행엽건조엑스),106,good,20,24,83.33
5193,201502375,파세몰비타정,106,good,20,24,83.33
21676,201802576,치감플러스정,106,good,20,24,83.33
16186,199602733,알게마정(알마게이트),106,good,20,24,83.33
11657,199501564,알마시드정(알마게이트),106,good,20,24,83.33
355,200703589,써스펜나이트정,106,good,20,24,83.33
26181,202008802,우르콜정100밀리그램(우르소데옥시콜산),106,good,20,24,83.33
10705,202204455,아세페린정,106,good,20,24,83.33
3722,201705676,벤포벨브이정,106,good,20,24,83.33
17303,201308190,유리카에스정,106,good,20,24,83.33
27380,202200413,원펜정,106,good,20,24,83.33
6852,202005599,디카듀오정100/1000,106,good,20,24,83.33
17667,201403192,일양바이오알마게이트정500밀리그램,106,good,20,24,83.33
4816,201603599,아미펜정,106,good,20,24,83.33
17623,201402733,알보젠알마게이트정,106,good,20,24,83.33
24672,202000200,엘도테인정(에르도스테인),106,good,20,24,83.33
21833,201803160,쎄스콘미니정,106,good,20,24,83.33
16235,199802497,쎄르텍정(세티리진염산염),106,good,20,24,83.33
26335,202101047,멘토비엠정,106,good,20,24,83.33
27216,202107747,디카킴디정,106,good,20,24,83.33
3281,201803160,쎄스콘미니정,106,good,20,24,83.33
1983,201506816,센티렉스어드밴스정,106,good,20,24,83.33
16247,199901375,아루펜정400밀리그람(이부프로펜),106,good,20,24,83.33
22512,201901045,알마케이드정(알마게이트),106,good,20,24,83.33
22965,201902565,티라노골드플러스츄어블정,106,good,20,24,83.33
17583,201402061,러지피드정,106,good,20,24,83.33
22450,201900824,아카에정,106,good,20,24,83.33
131,201401232,팜젠암브록솔염산염정30mg,106,good,20,24,83.33
22672,201901656,알마테정(알마게이트),106,good,20,24,83.33
21734,201802764,비카페롤정,106,good,20,24,83.33
18355,201505848,엑스비타제이정,106,good,20,24,83.33
141,201402826,알리겔정(알마게이트),106,good,20,24,83.33
2805,201803233,엘도브론정(에르도스테인),106,good,20,24,83.33
21733,201802763,비카페롤플러스정,106,good,20,24,83.33
969,201310271,게이트정(알마게이트),106,good,20,24,83.33
18356,201505862,엑스비타에스정,106,good,20,24,83.33
22411,201900692,서울알마게이트정,106,good,20,24,83.33
27461,202200981,리스카펜정,106,good,20,24,83.33
4176,201805153,동화엘텐정(에르도스테인),106,good,20,24,83.33
2523,201801497,일양바이오알벤다졸정,106,good,20,24,83.33
3365,200410715,칼테오-40정(Calteo-40Tablets),106,good,20,24,83.33
2449,201802763,비카페롤플러스정,106,good,20,24,83.33
2450,201802764,비카페롤정,106,good,20,24,83.33
16286,200009522,머시론정,106,good,20,24,83.33
22238,201805240,엘뮤코정(에르도스테인),106,good,20,24,83.33
18311,201505018,임팩타민파워에이플러스정,106,good,20,24,83.33
6322,201804147,미카펜정,106,good,20,24,83.33
18099,201502375,파세몰비타정,106,good,20,24,83.33
12711,199602733,알게마정(알마게이트),106,good,20,24,83.33
992,201600779,보나링츄어블정,106,good,20,24,83.33
4083,201901045,알마케이드정(알마게이트),106,good,20,24,83.33
1733,201505018,임팩타민파워에이플러스정,106,good,20,24,83.33
1739,201606430,마미센스정,106,good,20,24,83.33
1770,197600345,페리나정,106,good,20,24,83.33
17624,201402790,알마로정(알마게이트),106,good,20,24,83.33
12726,200201855,올바펜정,106,good,20,24,83.33
28619,202302183,아이렌정,106,good,20,24,83.33
4090,201805240,엘뮤코정(에르도스테인),106,good,20,24,83.33
12563,201908100,에모젠정,106,good,20,24,83.33
17145,201206499,알게론정500밀리그램(알마게이트),106,good,20,24,83.33
12853,202302045,아렉스알파정,106,good,20,24,83.33
12525,201206499,알게론정500밀리그램(알마게이트),106,good,20,24,83.33
4422,201902565,티라노골드플러스츄어블정,106,good,20,24,83.33
27316,202200088,나나정500밀리그램(아세트아미노펜),106,good,20,24,83.33
16281,200008589,카네스텐1질정(클로트리마졸),106,good,20,24,83.33
12029,202302183,아이렌정,106,good,20,24,83.33
12026,202302139,타이센정500밀리그램(아세트아미노펜),106,good,20,24,83.33
10857,202003633,알마인정(알마게이트),106,good,20,24,83.33
13078,201208256,알마르정(알마게이트),106,good,20,24,83.33
10476,201605724,히트펜정,106,good,20,24,83.33
448,201506728,메가트루포커스정,106,good,20,24,83.33
4680,202000200,엘도테인정(에르도스테인),106,good,20,24,83.33
25979,202005599,디카듀오정100/1000,106,good,20,24,83.33
28616,202302139,타이센정500밀리그램(아세트아미노펜),106,good,20,24,83.33
6633,201903606,에르펙토정(에르도스테인),106,good,20,24,83.33
20809,201706415,알바트정(알마게이트),106,good,20,24,83.33
17629,201402826,알리겔정(알마게이트),106,good,20,24,83.33
29108,202401339,칼디텍정,106,good,20,24,83.33
12681,199700873,"대우로라타딘정(수출명:로미딘정,라틴정,필미딘정)",106,good,20,24,83.33
21850,201803233,엘도브론정(에르도스테인),106,good,20,24,83.33
16943,200905228,알드라민정(세티리진염산염),106,good,20,24,83.33
12293,201706849,알마펜정(알마게이트),106,good,20,24,83.33
12290,202301170,핑크퐁멀티비타츄어블정,106,good,20,24,83.33
6271,201801256,칼디쓰리플러스정,106,good,20,24,83.33
13194,201402309,웰다운비정,106,good,20,24,83.33
12304,202301243,미네비타브이정,106,good,20,24,83.33
24583,201908540,대웅바이오알마게이트정500밀리그램,106,good,20,24,83.33
11429,202201721,타세놀정160밀리그램(아세트아미노펜),106,good,20,24,83.33
4457,201900824,아카에정,106,good,20,24,83.33
1957,201701108,엘도프로정(에르도스테인),106,good,20,24,83.33
12301,201605514,유코빅포르테정,106,good,20,24,83.33
16323,200201855,올바펜정,106,good,20,24,83.33
25621,202003633,알마인정(알마게이트),106,good,20,24,83.33
17462,201310271,게이트정(알마게이트),106,good,20,24,83.33
24585,201908559,영일알마게이트정500밀리그램,106,good,20,24,83.33
28611,202302045,아렉스알파정,106,good,20,24,83.33
6362,200610975,"대웅알벤다졸정(수출명: Medalben Tab, Daezole)",106,good,20,24,83.33
3871,201402790,알마로정(알마게이트),106,good,20,24,83.33
16346,200300623,알비정400mg(알벤다졸),106,good,20,24,83.33
17192,201208256,알마르정(알마게이트),106,good,20,24,83.33
17641,201402959,글로아스피린장용정100mg(아스피린),106,good,20,24,83.33
26072,202007080,미네큐비타정,106,good,20,24,83.33
3545,201706237,보니타정,106,good,20,24,83.33
2027,201606577,대화산화마그네슘정,106,good,20,24,83.33
26222,202009337,디카테오엘씨정,106,good,20,24,83.33
9985,202204654,에디맥스디정,106,good,20,24,83.33
27106,202106954,타이레놀콜드-에스정,106,good,20,24,83.33
18764,201600573,맥시라민에이정,106,good,20,24,83.33
18786,201600779,보나링츄어블정,106,good,20,24,83.33
9870,202106248,노바프록센정(나프록센나트륨),106,good,20,24,83.33
27927,202203779,에리카정,106,good,20,24,83.33
2609,201706415,알바트정(알마게이트),106,good,20,24,83.33
9758,202300437,유한아세트아미노펜정500밀리그램,106,good,20,24,83.33
9753,202203100,알파파워정,106,good,20,24,83.33
9707,202002841,써큐로민정80밀리그램(은행엽건조엑스),106,good,20,24,83.33
3933,201706447,칼디쓰리정,106,good,20,24,83.33
3934,201707304,알마디정(알마게이트),106,good,20,24,83.33
18994,201601700,슈리머정,106,good,20,24,83.33
2594,201706490,마그엠정(알마게이트),106,good,20,24,83.33
5088,201908540,대웅바이오알마게이트정500밀리그램,106,good,20,24,83.33
24507,201908230,칸디스텐질정100밀리그램(클로트리마졸),106,good,20,24,83.33
9574,201904317,알마겐정500밀리그램(알마게이트),106,good,20,24,83.33
2598,201707596,헤모포민에스35정,106,good,20,24,83.33
4212,201804518,멀티큐텐플러스정,106,good,20,24,83.33
27218,202107768,제노펜정(아세트아미노펜),106,good,20,24,83.33
24463,201908100,에모젠정,106,good,20,24,83.33
6321,199701172,에이프로젠알마게이트정,106,good,20,24,83.33
19067,201602240,아세드린정,106,good,20,24,83.33
5682,202001517,칼디원정,106,good,20,24,83.33
19114,201602427,나인나인정,106,good,20,24,83.33
9329,202107768,제노펜정(아세트아미노펜),106,good,20,24,83.33
9349,201908559,영일알마게이트정500밀리그램,106,good,20,24,83.33
28472,202301364,아이하이추어블정,106,good,20,24,83.33
9313,202203779,에리카정,106,good,20,24,83.33
9309,202200413,원펜정,106,good,20,24,83.33
28458,202301243,미네비타브이정,106,good,20,24,83.33
9172,201402061,러지피드정,106,good,20,24,83.33
9170,202202575,엔디콜플러스정,106,good,20,24,83.33
9147,202200088,나나정500밀리그램(아세트아미노펜),106,good,20,24,83.33
19465,201603599,아미펜정,106,good,20,24,83.33
9061,202104347,엘카민정,106,good,20,24,83.33
27861,202203100,알파파워정,106,good,20,24,83.33
9052,201908230,칸디스텐질정100밀리그램(클로트리마졸),106,good,20,24,83.33
3189,201801356,뉴스피린장용정100밀리그램(아스피린),106,good,20,24,83.33
8953,200008589,카네스텐1질정(클로트리마졸),106,good,20,24,83.33
28447,202301170,핑크퐁멀티비타츄어블정,106,good,20,24,83.33
27035,202106248,노바프록센정(나프록센나트륨),106,good,20,24,83.33
4731,201901096,해슈펜에프정,106,good,20,24,83.33
20351,201701383,덱펜정(덱시부프로펜),106,good,20,24,83.33
642,201401034,욱씬정,106,good,20,24,83.33
8840,202103680,아페인큐정,106,good,20,24,83.33
23492,201904317,알마겐정500밀리그램(알마게이트),106,good,20,24,83.33
24828,202000777,칼시마정,106,good,20,24,83.33
27777,202202575,엔디콜플러스정,106,good,20,24,83.33
8837,202103770,속콜펜정,106,good,20,24,83.33
22105,201804476,아슈펜정,106,good,20,24,83.33
2677,201402733,알보젠알마게이트정,106,good,20,24,83.33
2682,200905228,알드라민정(세티리진염산염),106,good,20,24,83.33
27010,202106092,타이레놀정500밀리그람(아세트아미노펜),106,good,20,24,83.33
19917,201605514,유코빅포르테정,106,good,20,24,83.33
8654,202107747,디카킴디정,106,good,20,24,83.33
19940,201605724,히트펜정,106,good,20,24,83.33
8636,202106954,타이레놀콜드-에스정,106,good,20,24,83.33
19920,201605578,비타케어에프정,106,good,20,24,83.33
24970,202001517,칼디원정,106,good,20,24,83.33
20092,201606430,마미센스정,106,good,20,24,83.33
23501,201904346,징카민정80mg(은행엽건조엑스),106,good,20,24,83.33
20109,201606681,알벤다정(알벤다졸),106,good,20,24,83.33
20102,201606577,대화산화마그네슘정,106,good,20,24,83.33
26969,202105485,히트펜세미정,106,good,20,24,83.33
20136,201607019,헤모나민정,106,good,20,24,83.33
20191,201700259,애피단정,106,good,20,24,83.33
22116,201804518,멀티큐텐플러스정,106,good,20,24,83.33
8438,202007080,미네큐비타정,106,good,20,24,83.33
16371,200302008,윈다졸정(알벤다졸),106,good,20,24,83.33
8431,202201591,지노칼골드정,106,good,20,24,83.33
8395,202105485,히트펜세미정,106,good,20,24,83.33
20303,201701108,엘도프로정(에르도스테인),106,good,20,24,83.33
8347,202200981,리스카펜정,106,good,20,24,83.33
20312,201701158,에페젠정,106,good,20,24,83.33
4566,200009522,머시론정,106,good,20,24,83.33
883,201505848,엑스비타제이정,106,good,20,24,83.33
1629,201605578,비타케어에프정,106,good,20,24,83.33
3237,201802575,코감노즈정,106,good,20,24,83.33
25350,202002841,써큐로민정80밀리그램(은행엽건조엑스),106,good,20,24,83.33
20714,201705676,벤포벨브이정,106,good,20,24,83.33
7250,202003699,베아파모정10밀리그램(파모티딘),106,good,20,24,83.33
20740,201705793,디카테오400정,106,good,20,24,83.33
20789,201706350,센스데이정,106,good,20,24,83.33
20780,201706237,보니타정,106,good,20,24,83.33
20816,201706490,마그엠정(알마게이트),106,good,20,24,83.33
20810,201706447,칼디쓰리정,106,good,20,24,83.33
27596,202201721,타세놀정160밀리그램(아세트아미노펜),106,good,20,24,83.33
20887,201706849,알마펜정(알마게이트),106,good,20,24,83.33
1476,201700259,애피단정,106,good,20,24,83.33
1480,201606681,알벤다정(알벤다졸),106,good,20,24,83.33
20968,201707304,알마디정(알마게이트),106,good,20,24,83.33
7629,202101047,멘토비엠정,106,good,20,24,83.33
20991,201707372,아너린정,106,good,20,24,83.33
7613,202106092,타이레놀정500밀리그람(아세트아미노펜),106,good,20,24,83.33
21023,201707596,헤모포민에스35정,106,good,20,24,83.33
25252,202002550,알카본정,106,good,20,24,83.33
16062,197600345,페리나정,106,good,20,24,83.33
7536,202000777,칼시마정,106,good,20,24,83.33
1154,201601700,슈리머정,106,good,20,24,83.33
2257,200300623,알비정400mg(알벤다졸),106,good,20,24,83.33
849,201600573,맥시라민에이정,106,good,20,24,83.33
27583,202201591,지노칼골드정,106,good,20,24,83.33
11406,202400374,아페린플러스비정,106,good,20,24,83.33
3673,201402959,글로아스피린장용정100mg(아스피린),106,good,20,24,83.33
864,199700120,세트린정(세티리진염산염)(수출명:ANTIRIZINtab),106,good,20,24,83.33
26874,202104347,엘카민정,106,good,20,24,83.33
7305,201900692,서울알마게이트정,106,good,20,24,83.33
22572,201901314,인콤정(알벤다졸),106,good,20,24,83.33
7302,201403192,일양바이오알마게이트정500밀리그램,106,good,20,24,83.33
22193,201804933,오스게이트정(알마게이트),106,good,20,24,83.33
22218,201805153,동화엘텐정(에르도스테인),106,good,20,24,83.33
21254,201800344,아노덱스정,106,good,20,24,83.33
11405,202400375,아페린플러스비씨정,106,good,20,24,83.33
28289,202300437,유한아세트아미노펜정500밀리그램,106,good,20,24,83.33
4309,201804933,오스게이트정(알마게이트),106,good,20,24,83.33
21293,201800701,슬라드린정,106,good,20,24,83.33
5984,202003341,마그네스디정,103,average,19,24,79.17
28087,202204671,비스콘틴800정,103,average,19,24,79.17
2445,201506687,오라비텐정,103,average,19,24,79.17
16097,198601395,노리스정(클로닉신리시네이트),103,average,19,24,79.17
16115,198900711,아론정(독시라민숙신산염),103,average,19,24,79.17
3742,201606897,이부쎈에프정(이부프로펜아르기닌),103,average,19,24,79.17
16113,198802479,스메르정(독시라민숙신산염),103,average,19,24,79.17
12178,202301859,조인트콘친600골드정,103,average,19,24,79.17
24837,202000831,파모트리정10밀리그램(파모티딘),103,average,19,24,79.17
1822,201701774,모게인정,103,average,19,24,79.17
16166,199403378,에이프로젠나프록센나트륨정,103,average,19,24,79.17
12129,202400995,메코조인콘드로800정,103,average,19,24,79.17
2426,199802175,젯시드에프정,103,average,19,24,79.17
6768,202003411,파모윈정(파모티딘),103,average,19,24,79.17
21840,201803183,메디콘600정,103,average,19,24,79.17
27264,202108189,다비우정(방풍통성산건조엑스(4.6→1)),103,average,19,24,79.17
12115,200502054,쿨리브정,103,average,19,24,79.17
22343,201900225,디맥트리플정,103,average,19,24,79.17
3008,200801836,페릭신정(클로닉신리시네이트),103,average,19,24,79.17
16233,199802175,젯시드에프정,103,average,19,24,79.17
25104,202002034,파모큐정(파모티딘),103,average,19,24,79.17
24338,201907628,더게인디정,103,average,19,24,79.17
26125,202007899,임팩타민프리미엄원스정,103,average,19,24,79.17
26126,202007941,벤포커스정,103,average,19,24,79.17
24343,201907633,라니탄큐정,103,average,19,24,79.17
21852,201803248,메가콘600정,103,average,19,24,79.17
16270,200001634,세진정(세티리진염산염),103,average,19,24,79.17
16261,200000560,일동비타민씨정1000밀리그램(아스코르브산),103,average,19,24,79.17
5329,201907633,라니탄큐정,103,average,19,24,79.17
4664,201908147,써모젠정,103,average,19,24,79.17
16282,200008590,카네스텐질정(클로트리마졸),103,average,19,24,79.17
27231,202107976,메가비텐프리미엄정,103,average,19,24,79.17
16272,200002121,씨트리드정(수출명:잔트리드정),103,average,19,24,79.17
4881,201804840,폴민정(폴산),103,average,19,24,79.17
16301,200101870,세리노즈정(세티리진염산염),103,average,19,24,79.17
3033,201802851,둘코라인정,103,average,19,24,79.17
22540,201901209,동성비오틴정,103,average,19,24,79.17
16290,200100614,코미정,103,average,19,24,79.17
5337,202002183,위모티콘정(파모티딘),103,average,19,24,79.17
16328,200202266,에치시드정,103,average,19,24,79.17
21887,201803409,포세라정,103,average,19,24,79.17
16316,200200561,포리겔정,103,average,19,24,79.17
25629,202003660,투엑스비듀얼정,103,average,19,24,79.17
16335,200204388,나프록신정(나프록센나트륨),103,average,19,24,79.17
16334,200204384,클로닉정125밀리그램(클로닉신리시네이트),103,average,19,24,79.17
26107,202007680,코딜로드에프정,103,average,19,24,79.17
24561,201908441,액티바이정,103,average,19,24,79.17
16395,200400752,티알부틴정(트리메부틴말레산염),103,average,19,24,79.17
16436,200402762,알미틴정,103,average,19,24,79.17
16433,200402597,코린투에스정,103,average,19,24,79.17
11916,202107042,배가나정,103,average,19,24,79.17
11894,202300268,콘드로센정,103,average,19,24,79.17
11893,202300269,콘조탑프리미엄600정,103,average,19,24,79.17
25589,202003528,위엔싹에프정(파모티딘),103,average,19,24,79.17
16531,200502126,시알딘정,103,average,19,24,79.17
11811,202301266,임팩타민시그니처정,103,average,19,24,79.17
16544,200502310,리렉사정(수출용),103,average,19,24,79.17
26749,202102839,셀비다정,103,average,19,24,79.17
6637,201907790,알미탄겔정,103,average,19,24,79.17
28828,202400002,파워비큐콘티뉴800정,103,average,19,24,79.17
16794,200801836,페릭신정(클로닉신리시네이트),103,average,19,24,79.17
11532,201803248,메가콘600정,103,average,19,24,79.17
16885,200900207,세티스정(세티리진염산염),103,average,19,24,79.17
16928,200904207,파베린정,103,average,19,24,79.17
16918,200903081,유닉신정(클로닉신리시네이트),103,average,19,24,79.17
3029,201803409,포세라정,103,average,19,24,79.17
16911,200902214,큐시드정,103,average,19,24,79.17
16932,200904615,알벤졸정(알벤다졸),103,average,19,24,79.17
16955,200905903,트레스탄츄정,103,average,19,24,79.17
16951,200905490,씨락정,103,average,19,24,79.17
16958,200905943,알졸타정400mg(알벤다졸),103,average,19,24,79.17
26069,202006992,콜콜트로키,103,average,19,24,79.17
26070,202007064,비코윈정,103,average,19,24,79.17
26071,202007078,멀티브큐골드정,103,average,19,24,79.17
5741,201904605,비백큐골드정,103,average,19,24,79.17
21992,201803896,리치정,103,average,19,24,79.17
11360,200400752,티알부틴정(트리메부틴말레산염),103,average,19,24,79.17
25552,202003341,마그네스디정,103,average,19,24,79.17
26080,202007331,레모나일공일사정,103,average,19,24,79.17
5742,201907913,브이타민큐정,103,average,19,24,79.17
17060,201102543,콘비400정,103,average,19,24,79.17
17059,201102450,임팩타민프리미엄정,103,average,19,24,79.17
17071,201104457,하이타민정,103,average,19,24,79.17
26021,202006434,리큐비이엑스정,103,average,19,24,79.17
17117,201200715,팩트라민정,103,average,19,24,79.17
17118,201200717,디멘정,103,average,19,24,79.17
1949,200904207,파베린정,103,average,19,24,79.17
17143,201206435,플러스디정(콜레칼시페롤농축분말),103,average,19,24,79.17
28701,202302687,더판디탈정,103,average,19,24,79.17
17137,201206118,벤포라민정,103,average,19,24,79.17
11246,202401221,알파플러스정,103,average,19,24,79.17
24540,201908351,미소쿨정,103,average,19,24,79.17
17168,201206997,삐콤씨정,103,average,19,24,79.17
25567,202003411,파모윈정(파모티딘),103,average,19,24,79.17
413,201507261,가딘정75밀리그램(라니티딘염산염),103,average,19,24,79.17
25218,202002390,요를레이트로키,103,average,19,24,79.17
17236,201305371,뉴트리-비프리미엄정,103,average,19,24,79.17
17256,201306969,메가비콤정,103,average,19,24,79.17
27166,202107319,메가비텐액티브정,103,average,19,24,79.17
17422,201309490,디카맥스에브리원정,103,average,19,24,79.17
4191,201803896,리치정,103,average,19,24,79.17
27172,202107352,쑥베린정,103,average,19,24,79.17
5072,200204384,클로닉정125밀리그램(클로닉신리시네이트),103,average,19,24,79.17
5203,202002493,인크린정,103,average,19,24,79.17
24787,202000577,파모퀸정10밀리그램(파모티딘),103,average,19,24,79.17
10973,202105434,위엔탁정,103,average,19,24,79.17
26310,202100523,힙스브이파워정,103,average,19,24,79.17
26060,202006820,파모위튼정10밀리그램(파모티딘),103,average,19,24,79.17
24549,201908384,유미오틴정(비오틴),103,average,19,24,79.17
24550,201908406,슈페젠정,103,average,19,24,79.17
17480,201400099,원스타민정,103,average,19,24,79.17
28614,202302086,종근당조인트콘드로정,103,average,19,24,79.17
25538,202003288,지엘파모티딘정10밀리그램,103,average,19,24,79.17
28620,202302185,속펜하겐정,103,average,19,24,79.17
27407,202200527,조인브이플러스정,103,average,19,24,79.17
26001,202005974,바이타맥스골드정,103,average,19,24,79.17
27981,202204238,셀디아정,103,average,19,24,79.17
26007,202006096,메가삼백정,103,average,19,24,79.17
17604,201402369,신일겔정,103,average,19,24,79.17
24798,202000647,신일파모티딘정10밀리그램,103,average,19,24,79.17
10813,201905086,하이비백골드정,103,average,19,24,79.17
3532,200002121,씨트리드정(수출명:잔트리드정),103,average,19,24,79.17
10809,202204671,비스콘틴800정,103,average,19,24,79.17
10800,202400002,파워비큐콘티뉴800정,103,average,19,24,79.17
10798,202000214,리놀에스트로키(플루르비프로펜),103,average,19,24,79.17
26017,202006366,알미틴플러스정,103,average,19,24,79.17
27964,202204125,비아콘정,103,average,19,24,79.17
6624,202007064,비코윈정,103,average,19,24,79.17
1988,201602683,엘레비트정,103,average,19,24,79.17
5678,202003528,위엔싹에프정(파모티딘),103,average,19,24,79.17
10676,202104607,발렌정(방풍통성산건조엑스(4.6→1)),103,average,19,24,79.17
10675,202106445,더블비정,103,average,19,24,79.17
2589,201804495,비스타정,103,average,19,24,79.17
26000,202005973,리치칼비정,103,average,19,24,79.17
23743,201905516,로에굿정,103,average,19,24,79.17
17809,201404717,아드레큐에이정,103,average,19,24,79.17
10475,202105289,위엔스탈정,103,average,19,24,79.17
2014,201605326,바로코민골드정,103,average,19,24,79.17
1240,201606067,더블자임정,103,average,19,24,79.17
10392,202103624,메가트루맥스정,103,average,19,24,79.17
10324,201305371,뉴트리-비프리미엄정,103,average,19,24,79.17
28563,202301859,조인트콘친600골드정,103,average,19,24,79.17
10300,202204238,셀디아정,103,average,19,24,79.17
4702,202001328,파모탑정(파모티딘),103,average,19,24,79.17
10278,202203884,락토스탑정,103,average,19,24,79.17
10258,201400099,원스타민정,103,average,19,24,79.17
28572,202301912,마이메가플러스정,103,average,19,24,79.17
18411,201506687,오라비텐정,103,average,19,24,79.17
27118,202107042,배가나정,103,average,19,24,79.17
27936,202203884,락토스탑정,103,average,19,24,79.17
10183,202106054,경동파니틴정10밀리그램(파모티딘),103,average,19,24,79.17
27487,202201218,광동에너릭정,103,average,19,24,79.17
4754,202000472,파메딘정10밀리그램(파모티딘),103,average,19,24,79.17
10170,202106045,레디클로질정(클로트리마졸),103,average,19,24,79.17
18473,201507261,가딘정75밀리그램(라니티딘염산염),103,average,19,24,79.17
10128,202202769,쎈비큐엠정,103,average,19,24,79.17
528,201206435,플러스디정(콜레칼시페롤농축분말),103,average,19,24,79.17
24476,201908147,써모젠정,103,average,19,24,79.17
27937,202203892,핑큐린정,103,average,19,24,79.17
18510,201507495,모아졸정(알벤다졸),103,average,19,24,79.17
27947,202203978,유한세티리진정(세티리진염산염),103,average,19,24,79.17
18496,201507425,"젠스트린트로키(멘톨앤페퍼민트향, 페퍼민트향, 레몬향, 복숭아향)(플루르비프로펜)",103,average,19,24,79.17
10069,202202909,위제로알파정,103,average,19,24,79.17
10050,202203147,메가본정,103,average,19,24,79.17
4917,200001634,세진정(세티리진염산염),103,average,19,24,79.17
7253,201908406,슈페젠정,103,average,19,24,79.17
10073,202106333,콘트라민정,103,average,19,24,79.17
6576,202006992,콜콜트로키,103,average,19,24,79.17
10060,202200571,조인엔콘드800정,103,average,19,24,79.17
5576,201706955,속크린에스정,103,average,19,24,79.17
10042,202203711,콘디에스정,103,average,19,24,79.17
27469,202201040,코발맥정,103,average,19,24,79.17
27470,202201059,벤포벨에스정,103,average,19,24,79.17
18619,201508281,벤포벨정,103,average,19,24,79.17
9943,202203978,유한세티리진정(세티리진염산염),103,average,19,24,79.17
25022,202001730,펩티스정(파모티딘),103,average,19,24,79.17
27921,202203711,콘디에스정,103,average,19,24,79.17
27437,202200765,맥세렌비제트정,103,average,19,24,79.17
7240,202004542,맥세렌디정,103,average,19,24,79.17
7239,202006820,파모위튼정10밀리그램(파모티딘),103,average,19,24,79.17
2319,201701347,비타콤보정,103,average,19,24,79.17
27928,202203780,비사린정,103,average,19,24,79.17
23575,201904604,비타마스정,103,average,19,24,79.17
27497,202201279,칼비리아플러스정,103,average,19,24,79.17
9735,202201864,락토그린정,103,average,19,24,79.17
21379,201801160,빅조인에프정,103,average,19,24,79.17
25958,202005464,팜편안엠정,103,average,19,24,79.17
6343,202102039,아로나민골드프리미엄정,103,average,19,24,79.17
24919,202001328,파모탑정(파모티딘),103,average,19,24,79.17
23576,201904605,비백큐골드정,103,average,19,24,79.17
4706,202001730,펩티스정(파모티딘),103,average,19,24,79.17
25259,202002568,요모겐트로키(플루르비프로펜),103,average,19,24,79.17
27089,202106787,알러팜정(세티리진염산염),103,average,19,24,79.17
9637,202201059,벤포벨에스정,103,average,19,24,79.17
18961,201601522,큐락스정,103,average,19,24,79.17
27092,202106821,미네서플라이정,103,average,19,24,79.17
25192,202002308,이브톡질정(클로트리마졸),103,average,19,24,79.17
4052,201900999,조인탑600정,103,average,19,24,79.17
1664,201700732,테라젠비타골드정,103,average,19,24,79.17
2069,200402762,알미틴정,103,average,19,24,79.17
7170,202007941,벤포커스정,103,average,19,24,79.17
25038,202001792,트리가정(트리메부틴말레산염),103,average,19,24,79.17
2074,201606922,프로부틴정(트리메부틴말레산염),103,average,19,24,79.17
9630,202107976,메가비텐프리미엄정,103,average,19,24,79.17
4511,202000647,신일파모티딘정10밀리그램,103,average,19,24,79.17
27909,202203582,탑콘도르600정,103,average,19,24,79.17
24497,201908208,위앤정,103,average,19,24,79.17
9554,202003288,지엘파모티딘정10밀리그램,103,average,19,24,79.17
7169,202008834,페리에정,103,average,19,24,79.17
3941,201706740,마그비액티브정,103,average,19,24,79.17
9580,202203331,투엑스비디큐정,103,average,19,24,79.17
25826,202004224,다산알벤다졸정400밀리그램,103,average,19,24,79.17
27446,202200838,종근당비타민씨골드정1000밀리그램(아스코르브산97%과립),103,average,19,24,79.17
3949,201800123,메가비텐정,103,average,19,24,79.17
26849,202103827,비타씬맥스정,103,average,19,24,79.17
4714,202000421,아프소겐정(파모티딘),103,average,19,24,79.17
25197,202002321,네오벤졸정(알벤다졸),103,average,19,24,79.17
26854,202103983,빅스코민에프정,103,average,19,24,79.17
25829,202004247,알젠다졸정(알벤다졸),103,average,19,24,79.17
2632,201802107,코만코정,103,average,19,24,79.17
5837,202000577,파모퀸정10밀리그램(파모티딘),103,average,19,24,79.17
22528,201901113,트리원정100밀리그램(트리메부틴말레산염),103,average,19,24,79.17
5217,201908351,미소쿨정,103,average,19,24,79.17
599,200902214,큐시드정,103,average,19,24,79.17
5751,201904604,비타마스정,103,average,19,24,79.17
5522,202002635,셀레넘정,103,average,19,24,79.17
24675,202000214,리놀에스트로키(플루르비프로펜),103,average,19,24,79.17
27068,202106639,베니에프정,103,average,19,24,79.17
25488,202003123,콘비로600정,103,average,19,24,79.17
28484,202301479,폴리아린락토정,103,average,19,24,79.17
24243,201907340,아너웰정,103,average,19,24,79.17
23050,201902857,삐콤씨파워정,103,average,19,24,79.17
9529,202107319,메가비텐액티브정,103,average,19,24,79.17
24887,202001195,파모딘정10밀리그램(파모티딘),103,average,19,24,79.17
27870,202203147,메가본정,103,average,19,24,79.17
4528,198100428,스파부틴정100밀리그램(트리메부틴말레산염),103,average,19,24,79.17
23052,201902859,프로콘틴600정,103,average,19,24,79.17
1315,201605000,슈가린정,103,average,19,24,79.17
26663,202102039,아로나민골드프리미엄정,103,average,19,24,79.17
19124,201602500,에스린정,103,average,19,24,79.17
19138,201602551,라투딘정75밀리그램(라니티딘염산염),103,average,19,24,79.17
19163,201602683,엘레비트정,103,average,19,24,79.17
19165,201602688,비우미정,103,average,19,24,79.17
7104,201904705,제이비정,103,average,19,24,79.17
28467,202301279,비코딜에스정,103,average,19,24,79.17
25234,202002493,인크린정,103,average,19,24,79.17
4383,201901113,트리원정100밀리그램(트리메부틴말레산염),103,average,19,24,79.17
5684,200904615,알벤졸정(알벤다졸),103,average,19,24,79.17
7100,202001792,트리가정(트리메부틴말레산염),103,average,19,24,79.17
28476,202301403,메디오스정600밀리그램(디오스민),103,average,19,24,79.17
27048,202106445,더블비정,103,average,19,24,79.17
9314,202204125,비아콘정,103,average,19,24,79.17
6319,201907748,파비시드정,103,average,19,24,79.17
27884,202203331,투엑스비디큐정,103,average,19,24,79.17
9286,202203892,핑큐린정,103,average,19,24,79.17
5184,201907177,투엑스비골드100정,103,average,19,24,79.17
7067,202003123,콘비로600정,103,average,19,24,79.17
9238,202103684,트루액티비오정,103,average,19,24,79.17
28464,202301266,임팩타민시그니처정,103,average,19,24,79.17
25919,202005007,우소산정100밀리그램(우르소데옥시콜산),103,average,19,24,79.17
9232,202006096,메가삼백정,103,average,19,24,79.17
9222,201102450,임팩타민프리미엄정,103,average,19,24,79.17
9216,202203780,비사린정,103,average,19,24,79.17
27413,202200571,조인엔콘드800정,103,average,19,24,79.17
639,201102543,콘비400정,103,average,19,24,79.17
7034,201907628,더게인디정,103,average,19,24,79.17
2650,200202266,에치시드정,103,average,19,24,79.17
6574,202004825,콘조탑골드600정,103,average,19,24,79.17
615,201507495,모아졸정(알벤다졸),103,average,19,24,79.17
26839,202103624,메가트루맥스정,103,average,19,24,79.17
26842,202103684,트루액티비오정,103,average,19,24,79.17
9085,202203582,탑콘도르600정,103,average,19,24,79.17
7021,200204388,나프록신정(나프록센나트륨),103,average,19,24,79.17
9055,200903081,유닉신정(클로닉신리시네이트),103,average,19,24,79.17
27417,202200628,트로멜정,103,average,19,24,79.17
21573,201802107,코만코정,103,average,19,24,79.17
9009,201206118,벤포라민정,103,average,19,24,79.17
4235,200900207,세티스정(세티리진염산염),103,average,19,24,79.17
21597,201802219,큐라민골드정,103,average,19,24,79.17
3582,200200561,포리겔정,103,average,19,24,79.17
8958,202201040,코발맥정,103,average,19,24,79.17
22988,201902614,마인트롤정(세인트존스워트80%메탄올건조엑스),103,average,19,24,79.17
27034,202106244,헤파코엔플러스정,103,average,19,24,79.17
27827,202202769,쎈비큐엠정,103,average,19,24,79.17
1697,201700510,메가트루액티브정,103,average,19,24,79.17
27829,202202797,임팩타민원스정,103,average,19,24,79.17
21624,201802301,테라콘600에프정,103,average,19,24,79.17
27038,202106333,콘트라민정,103,average,19,24,79.17
8952,200008590,카네스텐질정(클로트리마졸),103,average,19,24,79.17
26342,202101152,핫도리정 ,103,average,19,24,79.17
6519,202007331,레모나일공일사정,103,average,19,24,79.17
27839,202202909,위제로알파정,103,average,19,24,79.17
26626,202101800,빅코민백골드정,103,average,19,24,79.17
8951,202107352,쑥베린정,103,average,19,24,79.17
1702,201700480,삐콤씨액티브정,103,average,19,24,79.17
24738,202000421,아프소겐정(파모티딘),103,average,19,24,79.17
8914,202006366,알미틴플러스정,103,average,19,24,79.17
8895,202105351,팜뮤코정(암브록솔염산염),103,average,19,24,79.17
8893,202104797,액티브메가비타정,103,average,19,24,79.17
641,201404717,아드레큐에이정,103,average,19,24,79.17
25248,202002541,파모타제정10밀리그램(파모티딘),103,average,19,24,79.17
8888,202103827,비타씬맥스정,103,average,19,24,79.17
8873,202200628,트로멜정,103,average,19,24,79.17
3313,201800124, 쎈비백정,103,average,19,24,79.17
22113,201804495,비스타정,103,average,19,24,79.17
21633,201802364,메가트루파워정,103,average,19,24,79.17
3347,201803063,스로쿨트로키(레몬향)(플루르비프로펜),103,average,19,24,79.17
8839,202104759,클리어미정,103,average,19,24,79.17
4390,201900720,파워비큐정,103,average,19,24,79.17
24756,202000472,파메딘정10밀리그램(파모티딘),103,average,19,24,79.17
6298,201907340,아너웰정,103,average,19,24,79.17
8835,202007680,코딜로드에프정,103,average,19,24,79.17
8829,202101152,핫도리정 ,103,average,19,24,79.17
1684,201605497,비백파워정,103,average,19,24,79.17
8797,202200765,맥세렌비제트정,103,average,19,24,79.17
26620,202101754,위편정,103,average,19,24,79.17
8761,201905516,로에굿정,103,average,19,24,79.17
8759,202202797,임팩타민원스정,103,average,19,24,79.17
2118,200905903,트레스탄츄정,103,average,19,24,79.17
25905,202004825,콘조탑골드600정,103,average,19,24,79.17
690,201604917,프리번정,103,average,19,24,79.17
8767,202106002,맥스케어액트정,103,average,19,24,79.17
5413,200905943,알졸타정400mg(알벤다졸),103,average,19,24,79.17
19848,201605000,슈가린정,103,average,19,24,79.17
6838,202002321,네오벤졸정(알벤다졸),103,average,19,24,79.17
19841,201604917,프리번정,103,average,19,24,79.17
8675,202005464,팜편안엠정,103,average,19,24,79.17
8704,202201105,마가렉스정,103,average,19,24,79.17
25910,202004906,리드테라비액티브정,103,average,19,24,79.17
2160,201705259,일펜정(이부프로펜리신),103,average,19,24,79.17
26182,202008834,페리에정,103,average,19,24,79.17
19887,201605326,바로코민골드정,103,average,19,24,79.17
6862,202101356,글루비타정,103,average,19,24,79.17
19914,201605497,비백파워정,103,average,19,24,79.17
23647,201905072,벤포벨지정,103,average,19,24,79.17
23649,201905086,하이비백골드정,103,average,19,24,79.17
21726,201802746,본탑600골드정,103,average,19,24,79.17
4344,201800353,아로나민이맥스플러스정,103,average,19,24,79.17
8610,201902859,프로콘틴600정,103,average,19,24,79.17
20044,201606067,더블자임정,103,average,19,24,79.17
24177,201907177,투엑스비골드100정,103,average,19,24,79.17
22104,201804475,제일콘드로600정,103,average,19,24,79.17
8553,200100614,코미정,103,average,19,24,79.17
8550,202105952,브이디썬정,103,average,19,24,79.17
8548,202106821,미네서플라이정,103,average,19,24,79.17
8574,201306969,메가비콤정,103,average,19,24,79.17
8566,197100081,키모랄에스정,103,average,19,24,79.17
27480,202201153,나노파모정10밀리그램(파모티딘),103,average,19,24,79.17
2355,196200034,삐콤정,103,average,19,24,79.17
28211,202300268,콘드로센정,103,average,19,24,79.17
26997,202105952,브이디썬정,103,average,19,24,79.17
1743,201607058,비오틴골드정5밀리그램,103,average,19,24,79.17
27000,202106002,맥스케어액트정,103,average,19,24,79.17
27005,202106045,레디클로질정(클로트리마졸),103,average,19,24,79.17
27006,202106054,경동파니틴정10밀리그램(파모티딘),103,average,19,24,79.17
28212,202300269,콘조탑프리미엄600정,103,average,19,24,79.17
6001,201104457,하이타민정,103,average,19,24,79.17
8538,202106244,헤파코엔플러스정,103,average,19,24,79.17
23503,201904356,조인본골드정,103,average,19,24,79.17
20142,201607058,비오틴골드정5밀리그램,103,average,19,24,79.17
6002,201801160,빅조인에프정,103,average,19,24,79.17
20134,201606922,프로부틴정(트리메부틴말레산염),103,average,19,24,79.17
6505,202004247,알젠다졸정(알벤다졸),103,average,19,24,79.17
5599,201905072,벤포벨지정,103,average,19,24,79.17
20133,201606897,이부쎈에프정(이부프로펜아르기닌),103,average,19,24,79.17
8502,202108189,다비우정(방풍통성산건조엑스(4.6→1)),103,average,19,24,79.17
8501,202106639,베니에프정,103,average,19,24,79.17
6828,202005974,바이타맥스골드정,103,average,19,24,79.17
8439,202100523,힙스브이파워정,103,average,19,24,79.17
6502,202006434,리큐비이엑스정,103,average,19,24,79.17
6306,202003660,투엑스비듀얼정,103,average,19,24,79.17
25149,202002183,위모티콘정(파모티딘),103,average,19,24,79.17
24879,202001134,벤티브정,103,average,19,24,79.17
26942,202105146,이바파정,103,average,19,24,79.17
8437,202007078,멀티브큐골드정,103,average,19,24,79.17
26946,202105289,위엔스탈정,103,average,19,24,79.17
5270,202005007,우소산정100밀리그램(우르소데옥시콜산),103,average,19,24,79.17
20223,201700510,메가트루액티브정,103,average,19,24,79.17
20214,201700480,삐콤씨액티브정,103,average,19,24,79.17
4349,201900225,디맥트리플정,103,average,19,24,79.17
4760,202001134,벤티브정,103,average,19,24,79.17
1749,200000560,일동비타민씨정1000밀리그램(아스코르브산),103,average,19,24,79.17
20253,201700732,테라젠비타골드정,103,average,19,24,79.17
759,201508281,벤포벨정,103,average,19,24,79.17
3368,201707030,메가비액티브정,103,average,19,24,79.17
4350,201901209,동성비오틴정,103,average,19,24,79.17
26963,202105351,팜뮤코정(암브록솔염산염),103,average,19,24,79.17
8328,202200838,종근당비타민씨골드정1000밀리그램(아스코르브산97%과립),103,average,19,24,79.17
26966,202105434,위엔탁정,103,average,19,24,79.17
3736,201702436,영비원정,103,average,19,24,79.17
6223,201904356,조인본골드정,103,average,19,24,79.17
22782,201901973,더게인정,103,average,19,24,79.17
20317,201701182,임팩타민케어정,103,average,19,24,79.17
5316,201908384,유미오틴정(비오틴),103,average,19,24,79.17
12647,202301403,메디오스정600밀리그램(디오스민),103,average,19,24,79.17
8318,202200149,락토프린정,103,average,19,24,79.17
20345,201701347,비타콤보정,103,average,19,24,79.17
12752,202301279,비코딜에스정,103,average,19,24,79.17
16530,200502054,쿨리브정,103,average,19,24,79.17
4971,201902857,삐콤씨파워정,103,average,19,24,79.17
23612,201904705,제이비정,103,average,19,24,79.17
8270,200402597,코린투에스정,103,average,19,24,79.17
5774,201602688,비우미정,103,average,19,24,79.17
27607,202201864,락토그린정,103,average,19,24,79.17
6465,201803183,메디콘600정,103,average,19,24,79.17
8240,202005973,리치칼비정,103,average,19,24,79.17
8239,200502126,시알딘정,103,average,19,24,79.17
20427,201701774,모게인정,103,average,19,24,79.17
8145,202106787,알러팜정(세티리진염산염),103,average,19,24,79.17
8135,202201153,나노파모정10밀리그램(파모티딘),103,average,19,24,79.17
22491,201900999,조인탑600정,103,average,19,24,79.17
22170,201804840,폴민정(폴산),103,average,19,24,79.17
12955,201206997,삐콤씨정,103,average,19,24,79.17
8151,202105146,이바파정,103,average,19,24,79.17
8128,202007899,임팩타민프리미엄원스정,103,average,19,24,79.17
20551,201702436,영비원정,103,average,19,24,79.17
8008,202101800,빅코민백골드정,103,average,19,24,79.17
7930,202004906,리드테라비액티브정,103,average,19,24,79.17
27324,202200149,락토프린정,103,average,19,24,79.17
20692,201705259,일펜정(이부프로펜리신),103,average,19,24,79.17
12444,202301479,폴리아린락토정,103,average,19,24,79.17
12433,200905490,씨락정,103,average,19,24,79.17
13083,202302086,종근당조인트콘드로정,103,average,19,24,79.17
2943,201802746,본탑600골드정,103,average,19,24,79.17
13055,202302687,더판디탈정,103,average,19,24,79.17
12389,201309490,디카맥스에브리원정,103,average,19,24,79.17
6459,198802479,스메르정(독시라민숙신산염),103,average,19,24,79.17
12342,202302185,속펜하겐정,103,average,19,24,79.17
24402,201907913,브이타민큐정,103,average,19,24,79.17
20864,201706740,마그비액티브정,103,average,19,24,79.17
21751,201802851,둘코라인정,103,average,19,24,79.17
6794,202004224,다산알벤다졸정400밀리그램,103,average,19,24,79.17
7715,202103983,빅스코민에프정,103,average,19,24,79.17
5250,202000831,파모트리정10밀리그램(파모티딘),103,average,19,24,79.17
20921,201707030,메가비액티브정,103,average,19,24,79.17
20917,201706955,속크린에스정,103,average,19,24,79.17
4104,201804475,제일콘드로600정,103,average,19,24,79.17
7709,198601395,노리스정(클로닉신리시네이트),103,average,19,24,79.17
5848,201901973,더게인정,103,average,19,24,79.17
1479,200502310,리렉사정(수출용),103,average,19,24,79.17
5290,201200715,팩트라민정,103,average,19,24,79.17
21796,201803063,스로쿨트로키(레몬향)(플루르비프로펜),103,average,19,24,79.17
7668,198400830,크로낙정(클로닉신리시네이트),103,average,19,24,79.17
7638,202101754,위편정,103,average,19,24,79.17
5701,201908208,위앤정,103,average,19,24,79.17
5129,202001195,파모딘정10밀리그램(파모티딘),103,average,19,24,79.17
6197,202002034,파모큐정(파모티딘),103,average,19,24,79.17
2386,201802219,큐라민골드정,103,average,19,24,79.17
7632,201200717,디멘정,103,average,19,24,79.17
25843,202004542,맥세렌디정,103,average,19,24,79.17
22513,201901046,키미테정,103,average,19,24,79.17
12330,199403378,에이프로젠나프록센나트륨정,103,average,19,24,79.17
22417,201900720,파워비큐정,103,average,19,24,79.17
13198,202401096,메가트루육삼삼정,103,average,19,24,79.17
12302,202200527,조인브이플러스정,103,average,19,24,79.17
7575,202002646,애시컨정(파모티딘),103,average,19,24,79.17
26904,202104759,클리어미정,103,average,19,24,79.17
26905,202104797,액티브메가비타정,103,average,19,24,79.17
1763,201507425,"젠스트린트로키(멘톨앤페퍼민트향, 페퍼민트향, 레몬향, 복숭아향)(플루르비프로펜)",103,average,19,24,79.17
24357,201907748,파비시드정,103,average,19,24,79.17
12300,202104651,리치플러스정,103,average,19,24,79.17
29099,202401221,알파플러스정,103,average,19,24,79.17
12298,202102839,셀비다정,103,average,19,24,79.17
7402,201802301,테라콘600에프정,103,average,19,24,79.17
7380,198900711,아론정(독시라민숙신산염),103,average,19,24,79.17
7353,202002308,이브톡질정(클로트리마졸),103,average,19,24,79.17
7363,202002390,요를레이트로키,103,average,19,24,79.17
5544,201402369,신일겔정,103,average,19,24,79.17
1016,201602551,라투딘정75밀리그램(라니티딘염산염),103,average,19,24,79.17
3303,201701182,임팩타민케어정,103,average,19,24,79.17
13253,202201279,칼비리아플러스정,103,average,19,24,79.17
7362,202002568,요모겐트로키(플루르비프로펜),103,average,19,24,79.17
21215,201800124, 쎈비백정,103,average,19,24,79.17
5549,201902614,마인트롤정(세인트존스워트80%메탄올건조엑스),103,average,19,24,79.17
29063,202400995,메코조인콘드로800정,103,average,19,24,79.17
860,201601522,큐락스정,103,average,19,24,79.17
21214,201800123,메가비텐정,103,average,19,24,79.17
5306,201908441,액티바이정,103,average,19,24,79.17
24367,201907790,알미탄겔정,103,average,19,24,79.17
26377,202101356,글루비타정,103,average,19,24,79.17
12258,202301912,마이메가플러스정,103,average,19,24,79.17
12254,202201218,광동에너릭정,103,average,19,24,79.17
16052,197100081,키모랄에스정,103,average,19,24,79.17
21255,201800353,아로나민이맥스플러스정,103,average,19,24,79.17
2436,201802364,메가트루파워정,103,average,19,24,79.17
29087,202401096,메가트루육삼삼정,103,average,19,24,79.17
25276,202002635,셀레넘정,103,average,19,24,79.17
4113,201901046,키미테정,103,average,19,24,79.17
16047,196200034,삐콤정,103,average,19,24,79.17
16079,198400830,크로낙정(클로닉신리시네이트),103,average,19,24,79.17
25279,202002646,애시컨정(파모티딘),103,average,19,24,79.17
26884,202104607,발렌정(방풍통성산건조엑스(4.6→1)),103,average,19,24,79.17
27475,202201105,마가렉스정,103,average,19,24,79.17
226,200101870,세리노즈정(세티리진염산염),103,average,19,24,79.17
26886,202104651,리치플러스정,103,average,19,24,79.17
16072,198100428,스파부틴정100밀리그램(트리메부틴말레산염),103,average,19,24,79.17
7276,201602500,에스린정,103,average,19,24,79.17
5090,202002541,파모타제정10밀리그램(파모티딘),103,average,19,24,79.17
7584,202200407,타이레놀8시간이알서방정(아세트아미노펜),102,average,20,24,83.33
22488,201900986,디뉴펜정(덱시부프로펜),102,average,20,24,83.33
7945,198701124,오스틴이부프로펜정400밀리그램,102,average,20,24,83.33
16236,199802621,프리나정(나프록센나트륨),102,average,20,24,83.33
10930,200001368,애니펜정300밀리그램(덱시부프로펜),102,average,20,24,83.33
16238,199804362,넥스팜탄산칼슘정(침강탄산칼슘),102,average,20,24,83.33
17696,201403363,소니펜정300mg(덱시부프로펜),102,average,20,24,83.33
6248,201905836,덱시네정(덱시부프로펜),102,average,20,24,83.33
27376,202200407,타이레놀8시간이알서방정(아세트아미노펜),102,average,20,24,83.33
25142,202002173,타이몰8시간이알서방정650밀리그램(아세트아미노펜),102,average,20,24,83.33
21158,201708490,비엘피린장용정100밀리그램(아스피린),102,average,20,24,83.33
7427,201900962,파나덱스정300밀리그램(덱시부프로펜),102,average,20,24,83.33
3988,200100960,펜타우드정(덱시부프로펜),102,average,20,24,83.33
9970,201900221,케이아스피린장용정(아스피린),102,average,20,24,83.33
23813,201905836,덱시네정(덱시부프로펜),102,average,20,24,83.33
16224,199800767,트라몰8시간서방정650밀리그람(아세트아미노펜),102,average,20,24,83.33
27191,202107520,이탄칼정(침강탄산칼슘),102,average,20,24,83.33
9578,202107520,이탄칼정(침강탄산칼슘),102,average,20,24,83.33
20848,201706656,이알펜8시간서방정(아세트아미노펜),102,average,20,24,83.33
4597,199800767,트라몰8시간서방정650밀리그람(아세트아미노펜),102,average,20,24,83.33
32162,200903482,비오펜연질캡슐(덱시부프로펜),102,average,20,24,83.33
16374,200302371,에스빌연질캡슐(덱시부프로펜),102,average,20,24,83.33
23795,201905693,타이레펜8시간이알서방정650밀리그램(아세트아미노펜),102,average,20,24,83.33
24112,201906975,세타펜8시간이알서방정650밀리그램(아세트아미노펜),102,average,20,24,83.33
5875,201908438,덱시파인정(덱시부프로펜),102,average,20,24,83.33
11461,201900986,디뉴펜정(덱시부프로펜),102,average,20,24,83.33
3218,201707307,타미스펜8시간이알서방정(아세트아미노펜),102,average,20,24,83.33
16114,198802481,알삭센정(나프록센나트륨),102,average,20,24,83.33
16100,198701124,오스틴이부프로펜정400밀리그램,102,average,20,24,83.33
11102,201905693,타이레펜8시간이알서방정650밀리그램(아세트아미노펜),102,average,20,24,83.33
1615,201700254,아니스펜8시간이알서방정(아세트아미노펜),102,average,20,24,83.33
4911,201906975,세타펜8시간이알서방정650밀리그램(아세트아미노펜),102,average,20,24,83.33
13292,202002173,타이몰8시간이알서방정650밀리그램(아세트아미노펜),102,average,20,24,83.33
20189,201700254,아니스펜8시간이알서방정(아세트아미노펜),102,average,20,24,83.33
13183,199802621,프리나정(나프록센나트륨),102,average,20,24,83.33
10122,198802481,알삭센정(나프록센나트륨),102,average,20,24,83.33
16294,200100960,펜타우드정(덱시부프로펜),102,average,20,24,83.33
20970,201707307,타미스펜8시간이알서방정(아세트아미노펜),102,average,20,24,83.33
24560,201908438,덱시파인정(덱시부프로펜),102,average,20,24,83.33
22342,201900221,케이아스피린장용정(아스피린),102,average,20,24,83.33
11654,201403363,소니펜정300mg(덱시부프로펜),102,average,20,24,83.33
4129,199804362,넥스팜탄산칼슘정(침강탄산칼슘),102,average,20,24,83.33
9662,200302371,에스빌연질캡슐(덱시부프로펜),102,average,20,24,83.33
11309,201708490,비엘피린장용정100밀리그램(아스피린),102,average,20,24,83.33
2460,201706656,이알펜8시간서방정(아세트아미노펜),102,average,20,24,83.33
22485,201900962,파나덱스정300밀리그램(덱시부프로펜),102,average,20,24,83.33
16268,200001368,애니펜정300밀리그램(덱시부프로펜),102,average,20,24,83.33
618,201508139,엘코스텐캡슐(에르도스테인),101,average,20,24,83.33
2108,201603171,엘도원캡슐(에르도스테인),101,average,20,24,83.33
19872,201605155,헤모락에이캡슐,101,average,20,24,83.33
5765,201908418,휴도스캡슐(에르도스테인),101,average,20,24,83.33
1883,201606935,동성에르도스테인캡슐(에르도스테인),101,average,20,24,83.33
321,201400746,헤모퀸골드엠캡슐,101,average,20,24,83.33
19851,201605007,렘피드캡슐(에르도스테인),101,average,20,24,83.33
19786,201604640,제감노즈캡슐,101,average,20,24,83.33
19329,201603171,엘도원캡슐(에르도스테인),101,average,20,24,83.33
23855,201905990,엘코프캡슐(에르도스테인),101,average,20,24,83.33
2302,201800994,카펜에스정,101,average,19,24,79.17
9242,202106757,헤모퀸골드엠프리미엄캡슐,101,average,20,24,83.33
9312,202204254,노페로캡슐(건조황산제일철),101,average,20,24,83.33
3159,201802357,에르코프캡슐(에르도스테인),101,average,20,24,83.33
9343,202001477,세시텐캡슐(아세틸시스테인),101,average,20,24,83.33
19201,201602871,뉴에르도테캡슐(에르도스테인),101,average,20,24,83.33
19179,201602738,뮤코티아캡슐200밀리그램(아세틸시스테인),101,average,20,24,83.33
32158,200903378,헤모퀸골드캡슐,101,average,20,24,83.33
19161,201602679,뮤코원캡슐(에르도스테인),101,average,20,24,83.33
19164,201602684,엘도민캡슐300밀리그램(에르도스테인),101,average,20,24,83.33
19041,201601896,에리텐캡슐(에르도스테인),101,average,20,24,83.33
19049,201602096,엘도라캡슐(에르도스테인),101,average,20,24,83.33
337,201502577,뮤스테인캡슐200mg(아세틸시스테인),101,average,20,24,83.33
5824,201906544,엘도텐캡슐(에르도스테인),101,average,20,24,83.33
9597,202204622,타세놀콜드캡슐,101,average,20,24,83.33
19035,201601858,비보존에르도스테인캡슐,101,average,20,24,83.33
18976,201601614,에스텐캡슐300mg(에르도스테인),101,average,20,24,83.33
18956,201601506,엘스타캡슐(에르도스테인),101,average,20,24,83.33
18938,201601245,엘리도스캡슐(에르도스테인),101,average,20,24,83.33
9724,201900977,파워콜캡슐,101,average,20,24,83.33
18840,201600993,알파콜에프캡슐,101,average,20,24,83.33
18749,201600445,엘스틴캡슐(에르도스테인),101,average,20,24,83.33
9951,201900823,엘도르캡슐(에르도스테인),101,average,20,24,83.33
9978,202204165,메디코캡슐,101,average,20,24,83.33
2124,201707836,훼리폴엠캡슐,101,average,20,24,83.33
18597,201508010,브론펙트캡슐(에르도스테인),101,average,20,24,83.33
18604,201508139,엘코스텐캡슐(에르도스테인),101,average,20,24,83.33
1907,201700418,에르테인캡슐 (에르도스테인),101,average,20,24,83.33
10130,202004238,콜드브레이크캡슐,101,average,20,24,83.33
25828,202004238,콜드브레이크캡슐,101,average,20,24,83.33
10225,201906500,뮤라텐캡슐100밀리그램(아세틸시스테인),101,average,20,24,83.33
10246,201901857,아세틸란캡슐(아세틸시스테인),101,average,20,24,83.33
18275,201504206,아세텔린캡슐(아세틸시스테인),101,average,20,24,83.33
18132,201502577,뮤스테인캡슐200mg(아세틸시스테인),101,average,20,24,83.33
10556,201903202,엘도젠캡슐(에르도스테인),101,average,20,24,83.33
17883,201405635,엑스콜콜드에프캡슐,101,average,20,24,83.33
2346,201801561,뮤트린캡슐200밀리그램(아세틸시스테인),101,average,20,24,83.33
10654,201905990,엘코프캡슐(에르도스테인),101,average,20,24,83.33
17786,201404416,이든알마게이트정,101,average,19,24,79.17
10689,202300200,콜드원에프캡슐,101,average,20,24,83.33
17779,201404327,니자드정(니자티딘),101,average,19,24,79.17
17628,201402825,알마린정(알마게이트),101,average,19,24,79.17
10861,202001764,비엘아세틸캡슐(아세틸시스테인),101,average,20,24,83.33
17522,201400746,헤모퀸골드엠캡슐,101,average,20,24,83.33
1931,201700567,유니도스캡슐(에르도스테인),101,average,20,24,83.33
1700,200404657,엘도브론캡슐300밀리그램(에르도스테인),101,average,20,24,83.33
17453,201309996,알마드정(알마게이트),101,average,19,24,79.17
11021,201908082,칼디온정,101,average,19,24,79.17
11018,201309996,알마드정(알마게이트),101,average,19,24,79.17
11094,202302998,하벤허브골드캡슐,101,average,20,24,83.33
17221,201300045,화이투벤씨플러스캡슐,101,average,20,24,83.33
1237,201601245,엘리도스캡슐(에르도스테인),101,average,20,24,83.33
22880,201902272,엘도스텐캡슐(에르도스테인),101,average,20,24,83.33
16937,200904855,아스테란캡슐(아세틸시스테인),101,average,20,24,83.33
11673,201404416,이든알마게이트정,101,average,19,24,79.17
1683,201605155,헤모락에이캡슐,101,average,20,24,83.33
23112,201903071,엘도씽캡슐(에르도스테인),101,average,20,24,83.33
28748,202302998,하벤허브골드캡슐,101,average,20,24,83.33
11679,201902272,엘도스텐캡슐(에르도스테인),101,average,20,24,83.33
11713,202300796,브이코에이치캡슐,101,average,20,24,83.33
401,201405635,엑스콜콜드에프캡슐,101,average,20,24,83.33
16601,200605371,래피콜에이캡슐,101,average,20,24,83.33
16533,200502148,바로콜-에프캡슐,101,average,20,24,83.33
1952,201702015,광동아스피린장용정100mg,101,average,19,24,79.17
16510,200501190,훼로모아캡슐,101,average,20,24,83.33
2146,201601506,엘스타캡슐(에르도스테인),101,average,20,24,83.33
11843,201906501,뮤라텐캡슐200밀리그램(아세틸시스테인),101,average,20,24,83.33
16485,200410902,알도스캡슐(에르도스테인),101,average,20,24,83.33
16472,200404657,엘도브론캡슐300밀리그램(에르도스테인),101,average,20,24,83.33
16384,200400233,에도인캡슐(에르도스테인),101,average,20,24,83.33
16402,200400925,훼로바프리미엄캡슐,101,average,20,24,83.33
16363,200301507,엘도스탐캡슐(에르도스테인),101,average,20,24,83.33
28411,202300909,하벤파워골드캡슐,101,average,20,24,83.33
16340,200300281,훼리탑에프캡슐,101,average,20,24,83.33
5446,198700477,자이드캡슐(니푸록사지드),101,average,20,24,83.33
16252,199902656,목틴캡슐200밀리그램(아세틸시스테인),101,average,20,24,83.33
23437,201904167,수프리정,101,average,19,24,79.17
25712,202003917,헤모데이캡슐(폴리사카리드철착염),101,average,20,24,83.33
12120,201601858,비보존에르도스테인캡슐,101,average,20,24,83.33
16112,198801531,뮤테란캡슐100밀리그램(아세틸시스테인),101,average,20,24,83.33
16099,198700477,자이드캡슐(니푸록사지드),101,average,20,24,83.33
12259,202300909,하벤파워골드캡슐,101,average,20,24,83.33
2361,200410902,알도스캡슐(에르도스테인),101,average,20,24,83.33
975,201508010,브론펙트캡슐(에르도스테인),101,average,20,24,83.33
13124,200301507,엘도스탐캡슐(에르도스테인),101,average,20,24,83.33
12495,202204652,메디콜캡슐,101,average,20,24,83.33
12496,202204653,메디코프캡슐,101,average,20,24,83.33
12897,201701269,부로멜장용정(브로멜라인),101,average,20,24,83.33
12579,202002625,지엘도스캡슐300밀리그램(에르도스테인),101,average,20,24,83.33
17061,201103151,신한방화콜캡슐,101,average,20,24,83.33
25695,202003868,엘도트린캡슐(에르도스테인),101,average,20,24,83.33
4075,201402825,알마린정(알마게이트),101,average,19,24,79.17
4629,200502148,바로콜-에프캡슐,101,average,20,24,83.33
28187,202300200,콜드원에프캡슐,101,average,20,24,83.33
4122,201404327,니자드정(니자티딘),101,average,19,24,79.17
28072,202204622,타세놀콜드캡슐,101,average,20,24,83.33
28077,202204652,메디콜캡슐,101,average,20,24,83.33
28078,202204653,메디코프캡슐,101,average,20,24,83.33
2468,201801073,훼리큐캡슐,101,average,20,24,83.33
4142,200501190,훼로모아캡슐,101,average,20,24,83.33
1078,201602096,엘도라캡슐(에르도스테인),101,average,20,24,83.33
1081,201601896,에리텐캡슐(에르도스테인),101,average,20,24,83.33
28370,202300796,브이코에이치캡슐,101,average,20,24,83.33
1107,201602679,뮤코원캡슐(에르도스테인),101,average,20,24,83.33
22449,201900823,엘도르캡슐(에르도스테인),101,average,20,24,83.33
25575,202003464,뮤카란캡슐200밀리그램(아세틸시스테인),101,average,20,24,83.33
2536,201701882,에르도민캡슐(에르도스테인),101,average,20,24,83.33
5065,198801531,뮤테란캡슐100밀리그램(아세틸시스테인),101,average,20,24,83.33
4867,202002383,코트리나캡슐,101,average,20,24,83.33
27985,202204254,노페로캡슐(건조황산제일철),101,average,20,24,83.33
5985,201900848,투스테인캡슐(아세틸시스테인),101,average,20,24,83.33
1219,201605007,렘피드캡슐(에르도스테인),101,average,20,24,83.33
27976,202204165,메디코캡슐,101,average,20,24,83.33
24960,202001477,세시텐캡슐(아세틸시스테인),101,average,20,24,83.33
2207,201707212,이스탄캡슐(에르도스테인),101,average,20,24,83.33
1266,201605439,제감코프캡슐,101,average,20,24,83.33
1291,200605371,래피콜에이캡슐,101,average,20,24,83.33
738,201604640,제감노즈캡슐,101,average,20,24,83.33
1973,201602684,엘도민캡슐300밀리그램(에르도스테인),101,average,20,24,83.33
23951,201906379,엘도타인캡슐300밀리그램(에르도스테인),101,average,20,24,83.33
2626,201605325,알두스캡슐(에르도스테인),101,average,20,24,83.33
2651,201802446,로스테인캡슐(아세틸시스테인),101,average,20,24,83.33
5381,201903071,엘도씽캡슐(에르도스테인),101,average,20,24,83.33
3600,201802652,에르덱스캡슐(에르도스테인),101,average,20,24,83.33
22734,201901857,아세틸란캡슐(아세틸시스테인),101,average,20,24,83.33
1767,200400925,훼로바프리미엄캡슐,101,average,20,24,83.33
1393,201600993,알파콜에프캡슐,101,average,20,24,83.33
1424,201602871,뉴에르도테캡슐(에르도스테인),101,average,20,24,83.33
3621,201704845,본디칼플러스정,101,average,19,24,79.17
3622,201704843,본디칼정,101,average,19,24,79.17
